{
  "swagger" : "2.0",
  "info" : {
    "version" : "2022-11-28T10:29:16Z",
    "title" : "yt-Influencers"
  },
  "host" : "7txwccjie2.execute-api.us-east-1.amazonaws.com",
  "basePath" : "/v1",
  "schemes" : [ "https" ],
  "paths" : {
    "/contact_us" : {
      "post" : {
        "produces" : [ "application/json" ],
        "responses" : {
          "200" : {
            "description" : "200 response",
            "schema" : {
              "$ref" : "#/definitions/Empty"
            }
          }
        }
      },
      "options" : {
        "consumes" : [ "application/json" ],
        "produces" : [ "application/json" ],
        "responses" : {
          "200" : {
            "description" : "200 response",
            "schema" : {
              "$ref" : "#/definitions/Empty"
            },
            "headers" : {
              "Access-Control-Allow-Origin" : {
                "type" : "string"
              },
              "Access-Control-Allow-Methods" : {
                "type" : "string"
              },
              "Access-Control-Allow-Headers" : {
                "type" : "string"
              }
            }
          }
        }
      }
    },
    "/influencer" : {
      "get" : {
        "produces" : [ "application/json" ],
        "responses" : {
          "200" : {
            "description" : "200 response",
            "schema" : {
              "$ref" : "#/definitions/Empty"
            }
          }
        }
      },
      "post" : {
        "produces" : [ "application/json" ],
        "responses" : {
          "200" : {
            "description" : "200 response",
            "schema" : {
              "$ref" : "#/definitions/Empty"
            }
          }
        }
      },
      "options" : {
        "consumes" : [ "application/json" ],
        "produces" : [ "application/json" ],
        "responses" : {
          "200" : {
            "description" : "200 response",
            "schema" : {
              "$ref" : "#/definitions/Empty"
            },
            "headers" : {
              "Access-Control-Allow-Origin" : {
                "type" : "string"
              },
              "Access-Control-Allow-Methods" : {
                "type" : "string"
              },
              "Access-Control-Allow-Headers" : {
                "type" : "string"
              }
            }
          }
        }
      }
    },
    "/influencer_list" : {
      "get" : {
        "produces" : [ "application/json" ],
        "responses" : {
          "200" : {
            "description" : "200 response",
            "schema" : {
              "$ref" : "#/definitions/Empty"
            }
          }
        }
      },
      "options" : {
        "consumes" : [ "application/json" ],
        "produces" : [ "application/json" ],
        "responses" : {
          "200" : {
            "description" : "200 response",
            "schema" : {
              "$ref" : "#/definitions/Empty"
            },
            "headers" : {
              "Access-Control-Allow-Origin" : {
                "type" : "string"
              },
              "Access-Control-Allow-Methods" : {
                "type" : "string"
              },
              "Access-Control-Allow-Headers" : {
                "type" : "string"
              }
            }
          }
        }
      }
    },
    "/login" : {
      "post" : {
        "produces" : [ "application/json" ],
        "responses" : {
          "200" : {
            "description" : "200 response",
            "schema" : {
              "$ref" : "#/definitions/Empty"
            }
          }
        }
      },
      "options" : {
        "consumes" : [ "application/json" ],
        "produces" : [ "application/json" ],
        "responses" : {
          "200" : {
            "description" : "200 response",
            "schema" : {
              "$ref" : "#/definitions/Empty"
            },
            "headers" : {
              "Access-Control-Allow-Origin" : {
                "type" : "string"
              },
              "Access-Control-Allow-Methods" : {
                "type" : "string"
              },
              "Access-Control-Allow-Headers" : {
                "type" : "string"
              }
            }
          }
        }
      }
    },
    "/provision" : {
      "post" : {
        "produces" : [ "application/json" ],
        "responses" : {
          "200" : {
            "description" : "200 response",
            "schema" : {
              "$ref" : "#/definitions/Empty"
            }
          }
        }
      },
      "options" : {
        "consumes" : [ "application/json" ],
        "produces" : [ "application/json" ],
        "responses" : {
          "200" : {
            "description" : "200 response",
            "schema" : {
              "$ref" : "#/definitions/Empty"
            },
            "headers" : {
              "Access-Control-Allow-Origin" : {
                "type" : "string"
              },
              "Access-Control-Allow-Methods" : {
                "type" : "string"
              },
              "Access-Control-Allow-Headers" : {
                "type" : "string"
              }
            }
          }
        }
      }
    }
  },
  "definitions" : {
    "Empty" : {
      "type" : "object",
      "title" : "Empty Schema"
    }
  }
}